Model,Noise,Level,mAP@50,Precision,Recall,F1,Latency(ms)
YOLOv8n,Gaussian,0.0,0.8310596545289901,0.8470588235294118,0.7322033898305085,0.7854540480994885,78.50513400000636
YOLOv8n,Gaussian,0.1,0.7228506987389646,0.821256038647343,0.576271186440678,0.6772903520185688,78.11379700000543
YOLOv8n,Gaussian,0.2,0.6124628891548702,0.84251968503937,0.36271186440677966,0.5071085839831887,87.10552000000462
YOLOv8n,Gaussian,0.5,0.5033788395904438,1.0,0.006779661016949152,0.013468000090706983,92.96576400000049
YOLOv8n,Gaussian,1.0,0.0,0.0,0.0,0.0,97.82430799999929
YOLOv8n,Gaussian,2.0,0.0,0.0,0.0,0.0,100.4582180000034
YOLOv8n,Salt_Pepper,0.0,0.8310596545289901,0.8470588235294118,0.7322033898305085,0.7854540480994885,98.66083700000672
YOLOv8n,Salt_Pepper,0.01,0.7203850401009467,0.8888888888888888,0.5152542372881356,0.6523600504249105,99.20601599998918
YOLOv8n,Salt_Pepper,0.05,0.6524264572253193,0.8098159509202454,0.44745762711864406,0.5764187555065525,100.84921499999837
YOLOv8n,Salt_Pepper,0.1,0.5556698056604046,0.8,0.2983050847457627,0.4345675055635367,102.42441000000326
YOLOv8n,Salt_Pepper,0.3,0.33725255972696244,0.6666666666666666,0.006779661016949152,0.013422798860441287,101.09029599998394
YOLOv8n,Salt_Pepper,0.5,0.0,0.0,0.0,0.0,101.85977799999819
YOLOv8n,Poisson,0.0,0.8310596545289901,0.8470588235294118,0.7322033898305085,0.7854540480994885,98.73003499998958
YOLOv8n,Poisson,0.01,0.3166740782437377,0.5882352941176471,0.03389830508474576,0.0641024610660762,99.79263199998968
YOLOv8n,Poisson,0.05,0.6619318101203566,0.8516129032258064,0.44745762711864406,0.5866662150620761,100.50874800001111
YOLOv8n,Poisson,0.1,0.714736624237158,0.844559585492228,0.5525423728813559,0.6680323087295146,101.91800500000681
YOLOv8n,Poisson,1.0,0.8116209267954776,0.8680851063829788,0.6915254237288135,0.7698108271630079,463.32621100000324
YOLOv8n,Poisson,10.0,0.8288869810141675,0.856,0.7254237288135593,0.7853206043265493,139.20464900000297
YOLOv8s,Gaussian,0.0,0.8704023771657443,0.8458781362007168,0.8,0.8222991519567435,395.5188929999895
YOLOv8s,Gaussian,0.1,0.7943580669787619,0.7992277992277992,0.7016949152542373,0.7472919208842218,268.64059599998654
YOLOv8s,Gaussian,0.2,0.6694989846208351,0.8385093167701864,0.4576271186440678,0.5921048063349938,263.99440299999696
YOLOv8s,Gaussian,0.5,0.5016836734693878,1.0,0.003389830508474576,0.006756750022833593,254.87485699999525
YOLOv8s,Gaussian,1.0,0.0,0.0,0.0,0.0,267.00805099999343
YOLOv8s,Gaussian,2.0,0.0,0.0,0.0,0.0,312.83920100000614
YOLOv8s,Salt_Pepper,0.0,0.8704023771657443,0.8458781362007168,0.8,0.8222991519567435,261.41052600001785
YOLOv8s,Salt_Pepper,0.01,0.7398094860677908,0.8788440321932797,0.5655547820281022,0.6882228039217799,259.0353479999976
YOLOv8s,Salt_Pepper,0.05,0.6362751893106329,0.7764705882352941,0.44745762711864406,0.5677414716155947,262.98086000000694
YOLOv8s,Salt_Pepper,0.1,0.5563031341885902,0.7421875,0.3220338983050847,0.44917215476569455,249.18535000000702
YOLOv8s,Salt_Pepper,0.3,0.24254235752468964,0.4444444444444444,0.04067796610169491,0.07453400785109406,249.62513099999342
YOLOv8s,Salt_Pepper,0.5,0.0,0.0,0.0,0.0,250.5784830000084
YOLOv8s,Poisson,0.0,0.8704023771657443,0.8458781362007168,0.8,0.8222991519567435,266.69049000000086
YOLOv8s,Poisson,0.01,0.37905820399113077,0.7272727272727273,0.02711864406779661,0.0522875123884895,300.200363999993
YOLOv8s,Poisson,0.05,0.7292165018627125,0.8292682926829268,0.576271186440678,0.6799995162003442,258.12902000001486
YOLOv8s,Poisson,0.1,0.7800594827575847,0.8351557111010595,0.652615783300561,0.7326870212066495,250.68433899999948
YOLOv8s,Poisson,1.0,0.8502614151974518,0.8761199560135626,0.735593220338983,0.7997297651197108,251.01811399999863
YOLOv8s,Poisson,10.0,0.8669530708547161,0.8956604692501694,0.756566389937815,0.820258058308787,248.74208299999736
YOLOv9t,Gaussian,0.0,0.8484323699007976,0.884,0.7491525423728813,0.8110086777210347,151.88412299999982
YOLOv9t,Gaussian,0.1,0.7785068276714562,0.8552036199095022,0.6406779661016949,0.7325576498185475,139.231577999999
YOLOv9t,Gaussian,0.2,0.6755311967780965,0.8607594936708861,0.4610169491525424,0.6004410468355216,139.59628200000225
YOLOv9t,Gaussian,0.5,0.5050839041095891,1.0,0.010169491525423728,0.02013420825640458,140.74193200000082
YOLOv9t,Gaussian,1.0,0.0,0.0,0.0,0.0,3906.897861999987
YOLOv9t,Gaussian,2.0,0.0,0.0,0.0,0.0,195.2852080000048
YOLOv9t,Salt_Pepper,0.0,0.8484323699007976,0.884,0.7491525423728813,0.8110086777210347,155.53787799999554
YOLOv9t,Salt_Pepper,0.01,0.7423914312264719,0.9005524861878453,0.5525423728813559,0.684873478259275,138.1098810000003
YOLOv9t,Salt_Pepper,0.05,0.6877980497343981,0.8538011695906432,0.49491525423728816,0.6266089774635507,137.8746399999909
YOLOv9t,Salt_Pepper,0.1,0.6099498071833194,0.7814569536423841,0.4,0.5291475341856635,138.17011199998888
YOLOv9t,Salt_Pepper,0.3,0.4429372971593189,0.8181818181818182,0.061016949152542375,0.11356453960149632,140.37333100000978
YOLOv9t,Salt_Pepper,0.5,0.0,0.0,0.0,0.0,140.4271659999904
YOLOv9t,Poisson,0.0,0.8484323699007976,0.884,0.7491525423728813,0.8110086777210347,138.82231199999296
YOLOv9t,Poisson,0.01,0.49805072860700705,0.8301886792452831,0.14915254237288136,0.2528733050108331,138.14662799999496
YOLOv9t,Poisson,0.05,0.7179502416104069,0.8707865168539326,0.5254237288135594,0.6553906511005512,139.9171639999986
YOLOv9t,Poisson,0.1,0.7710547295474854,0.8798076923076923,0.6203389830508474,0.7276337097893032,138.96982899999784
YOLOv9t,Poisson,1.0,0.8264182048747283,0.8683127572016461,0.7152542372881356,0.784386121771709,139.01058499999635
YOLOv9t,Poisson,10.0,0.8445205100728554,0.8795180722891566,0.7423728813559322,0.8051465623989329,135.14187000000675
YOLOv9s,Gaussian,0.0,0.8700902272966236,0.890778999730933,0.7694915254237288,0.8257045681181896,307.1991580000031
YOLOv9s,Gaussian,0.1,0.8206903727424063,0.8749118609973213,0.6983050847457627,0.7766951844046409,302.3674089999986
YOLOv9s,Gaussian,0.2,0.7255057503829635,0.801773054915739,0.5796610169491525,0.6728605547092128,287.4480940000103
YOLOv9s,Gaussian,0.5,0.4446663384935724,0.7619047619047619,0.10847457627118644,0.1899107610353923,281.2998119999975
YOLOv9s,Gaussian,1.0,0.0,0.0,0.0,0.0,277.32710499996756
YOLOv9s,Gaussian,2.0,0.0,0.0,0.0,0.0,274.54414600000746
YOLOv9s,Salt_Pepper,0.0,0.8700902272966236,0.890778999730933,0.7694915254237288,0.8257045681181896,300.7292989999769
YOLOv9s,Salt_Pepper,0.01,0.7856930398826543,0.9029126213592233,0.6305084745762712,0.7425144858390177,314.31105200001184
YOLOv9s,Salt_Pepper,0.05,0.7069274357099231,0.8140703517587939,0.5491525423728814,0.6558699642269425,306.55257400001574
YOLOv9s,Salt_Pepper,0.1,0.6369927711483483,0.7354497354497355,0.4711864406779661,0.5743796892719607,301.6998450000028
YOLOv9s,Salt_Pepper,0.3,0.442228602383532,0.8461538461538461,0.03728813559322034,0.07142849057607398,301.7720869999903
YOLOv9s,Salt_Pepper,0.5,0.0,0.0,0.0,0.0,292.61645800001133
YOLOv9s,Poisson,0.0,0.8700902272966236,0.890778999730933,0.7694915254237288,0.8257045681181896,356.68680999999197
YOLOv9s,Poisson,0.01,0.5685408719017704,0.7886178861788617,0.3288135593220339,0.46411441719549085,306.2917030000244
YOLOv9s,Poisson,0.05,0.7725873472559714,0.810126582278481,0.6508474576271186,0.7218040172214926,290.35236700001406
YOLOv9s,Poisson,0.1,0.7994943755404023,0.8704444338819642,0.6677966101694915,0.7557716219435664,287.89258799999516
YOLOv9s,Poisson,1.0,0.861984936509583,0.9159488517326428,0.7389830508474576,0.818003770205243,283.2011540000167
YOLOv9s,Poisson,10.0,0.8811739871609129,0.8798558310362319,0.7932203389830509,0.8342945000471558,307.6910059999864
YOLOv10n,Gaussian,0.0,0.8084693381104503,0.9181962060175053,0.6610169491525424,0.7686649120236335,125.7848119999835
YOLOv10n,Gaussian,0.1,0.755146881690351,0.8570203285589213,0.5932203389830508,0.7011271310178033,112.58140999998432
YOLOv10n,Gaussian,0.2,0.6018108023383696,0.8015267175572519,0.3559322033898305,0.492957320582704,113.15232500001002
YOLOv10n,Gaussian,0.5,0.40841443298969077,0.8,0.013559322033898305,0.02666663388892918,118.20565000001807
YOLOv10n,Gaussian,1.0,0.0,0.0,0.0,0.0,110.10635000002367
YOLOv10n,Gaussian,2.0,0.0,0.0,0.0,0.0,111.93327600001794
YOLOv10n,Salt_Pepper,0.0,0.8084693381104503,0.9181962060175053,0.6610169491525424,0.7686649120236335,105.64197600000625
YOLOv10n,Salt_Pepper,0.01,0.724903449159617,0.8926381832885256,0.5186440677966102,0.656085868085469,104.67025300000387
YOLOv10n,Salt_Pepper,0.05,0.6597186612756931,0.8451612903225807,0.4440677966101695,0.5822217706176344,105.28811900003348
YOLOv10n,Salt_Pepper,0.1,0.6285338557646987,0.8571428571428571,0.36610169491525424,0.5130637135880568,106.89410300001327
YOLOv10n,Salt_Pepper,0.3,0.5101678200692041,1.0,0.020338983050847456,0.039867070562173375,117.47382800000196
YOLOv10n,Salt_Pepper,0.5,0.0,0.0,0.0,0.0,109.72177699997701
YOLOv10n,Poisson,0.0,0.8084693381104503,0.9181962060175053,0.6610169491525424,0.7686649120236335,111.35013999999501
YOLOv10n,Poisson,0.01,0.3886302045509562,0.6944444444444444,0.0847457627118644,0.15105720794833252,111.75480199999583
YOLOv10n,Poisson,0.05,0.6519162209996856,0.8258064516129032,0.43389830508474575,0.5688884372843092,109.18754600003012
YOLOv10n,Poisson,0.1,0.7495028608291969,0.8781725888324873,0.5864406779661017,0.7032515523583819,106.88810799998464
YOLOv10n,Poisson,1.0,0.8050507638030416,0.9030626488369985,0.6576271186440678,0.7610456857744687,120.12568600002851
YOLOv10n,Poisson,10.0,0.8135744420187797,0.8809995662954477,0.6847457627118644,0.7705727406741132,107.46274600001925
YOLOv10s,Gaussian,0.0,0.8666099421296181,0.9011857707509882,0.7728813559322034,0.8321162912584887,439.5915149999928
YOLOv10s,Gaussian,0.1,0.7799735608034689,0.8205266201120279,0.6664096909441009,0.7354807593494079,241.0378219999984
YOLOv10s,Gaussian,0.2,0.725881704659525,0.8518518518518519,0.5457627118644067,0.6652887801809977,242.1899090000079
YOLOv10s,Gaussian,0.5,0.44846233664254864,0.8571428571428571,0.04067796610169491,0.07766981640335982,242.43577499997627
YOLOv10s,Gaussian,1.0,0.0,0.0,0.0,0.0,273.91316400000505
YOLOv10s,Gaussian,2.0,0.0,0.0,0.0,0.0,244.7252859999935
YOLOv10s,Salt_Pepper,0.0,0.8666099421296181,0.9011857707509882,0.7728813559322034,0.8321162912584887,248.45975100000942
YOLOv10s,Salt_Pepper,0.01,0.7674379915953574,0.9357457988754291,0.5728813559322034,0.7106738931781026,246.58252099998208
YOLOv10s,Salt_Pepper,0.05,0.6734668257522987,0.748792270531401,0.5254237288135594,0.6175293958433035,245.20988000000216
YOLOv10s,Salt_Pepper,0.1,0.6272878630431936,0.7884615384615384,0.41694915254237286,0.545454092949771,246.4073769999959
YOLOv10s,Salt_Pepper,0.3,0.3027421602787456,0.5714285714285714,0.02711864406779661,0.051779848765867546,245.8767269999953
YOLOv10s,Salt_Pepper,0.5,0.0,0.0,0.0,0.0,245.45102300002327
YOLOv10s,Poisson,0.0,0.8666099421296181,0.9011857707509882,0.7728813559322034,0.8321162912584887,241.51929499999824
YOLOv10s,Poisson,0.01,0.4513726870999889,0.7205882352941176,0.16610169491525423,0.2699721473187567,246.58318699999654
YOLOv10s,Poisson,0.05,0.754158592825101,0.8860353728684751,0.5796610169491525,0.7008270177158024,249.6905340000012
YOLOv10s,Poisson,0.1,0.7781520475908003,0.8737797870584127,0.6336007851470895,0.7345552968593551,246.9415669999944
YOLOv10s,Poisson,1.0,0.8455124661849891,0.8795180722891566,0.7423728813559322,0.8051465623989329,241.5009949999876
YOLOv10s,Poisson,10.0,0.8665172122567949,0.9009878706939289,0.7711705334185938,0.8310395469928115,245.12016200002108
YOLO11n,Gaussian,0.0,0.8427207604558528,0.8604651162790697,0.752542372881356,0.8028928114610571,126.14051399999882
YOLO11n,Gaussian,0.1,0.7405912806118409,0.8130841121495327,0.5898305084745763,0.6836930293618213,112.40926399997988
YOLO11n,Gaussian,0.2,0.5821254600582311,0.808,0.3423728813559322,0.48095196286884423,112.59074400000827
YOLO11n,Gaussian,0.5,0.0,0.0,0.0,0.0,116.58320999998978
YOLO11n,Gaussian,1.0,0.0,0.0,0.0,0.0,115.8495099999709
YOLO11n,Gaussian,2.0,0.0,0.0,0.0,0.0,115.8321960000103
YOLO11n,Salt_Pepper,0.0,0.8427207604558528,0.8604651162790697,0.752542372881356,0.8028928114610571,112.57322099998419
YOLO11n,Salt_Pepper,0.01,0.746801921590027,0.8439024390243902,0.5864406779661017,0.6919995162003382,113.38676800001849
YOLO11n,Salt_Pepper,0.05,0.6202303795329117,0.7848101265822784,0.42033898305084744,0.5474609143852236,115.63029400000232
YOLO11n,Salt_Pepper,0.1,0.5589917491415752,0.8137254901960784,0.28135593220338984,0.41813563832049544,114.89216599999054
YOLO11n,Salt_Pepper,0.3,0.5084637931034482,1.0,0.01694915254237288,0.033333300555587794,114.72182199999224
YOLO11n,Salt_Pepper,0.5,0.0,0.0,0.0,0.0,113.94895299999916
YOLO11n,Poisson,0.0,0.8427207604558528,0.8604651162790697,0.752542372881356,0.8028928114610571,114.42009600003075
YOLO11n,Poisson,0.01,0.44974587673611116,0.875,0.023728813559322035,0.0462045690510217,111.53139899997768
YOLO11n,Poisson,0.05,0.6547165597748174,0.825,0.44745762711864406,0.5802193242365616,113.00957700001163
YOLO11n,Poisson,0.1,0.7560051231021001,0.8871794871794871,0.5864406779661017,0.7061219698045734,111.64259299999685
YOLO11n,Poisson,1.0,0.8323553762045859,0.8842975206611571,0.7254237288135593,0.7970199890421256,113.35600300000806
YOLO11n,Poisson,10.0,0.8373056969515509,0.8588235294117647,0.7423728813559322,0.7963631390085751,113.26766999998654
YOLO11s,Gaussian,0.0,0.868701824704671,0.9269271374999575,0.7559322033898305,0.8327417984806622,257.0310790000076
YOLO11s,Gaussian,0.1,0.8102784824126804,0.8293650793650794,0.7084745762711865,0.7641676932181074,244.48766600002273
YOLO11s,Gaussian,0.2,0.6885053622364328,0.8176795580110497,0.5016949152542373,0.6218482681752743,249.16709000000992
YOLO11s,Gaussian,0.5,0.0,0.0,0.0,0.0,250.67029199999524
YOLO11s,Gaussian,1.0,0.0,0.0,0.0,0.0,248.84749799999554
YOLO11s,Gaussian,2.0,0.0,0.0,0.0,0.0,250.66321800000878
YOLO11s,Salt_Pepper,0.0,0.868701824704671,0.9269271374999575,0.7559322033898305,0.8327417984806622,254.28585699999527
YOLO11s,Salt_Pepper,0.01,0.7244617365963439,0.8241206030150754,0.5559322033898305,0.663967130218841,270.77912100001413
YOLO11s,Salt_Pepper,0.05,0.6148033157570295,0.7884476113110531,0.423728813559322,0.5512195888819492,267.43823099997826
YOLO11s,Salt_Pepper,0.1,0.6132785334810923,0.7120418848167539,0.4610169491525424,0.5596703047896496,261.46283299996867
YOLO11s,Salt_Pepper,0.3,0.36475689335345524,0.6666666666666666,0.05423728813559322,0.10031334047444149,269.0753909999694
YOLO11s,Salt_Pepper,0.5,0.0,0.0,0.0,0.0,277.76249699996697
YOLO11s,Poisson,0.0,0.868701824704671,0.9269271374999575,0.7559322033898305,0.8327417984806622,260.211046000004
YOLO11s,Poisson,0.01,0.39425848774829314,0.6944444444444444,0.0847457627118644,0.15105720794833252,264.96498900000006
YOLO11s,Poisson,0.05,0.7299727178084904,0.8276487084175804,0.5661016949152542,0.6723341558748914,256.935842999992
YOLO11s,Poisson,0.1,0.7863847615323186,0.8508771929824561,0.6576271186440678,0.7418733131773566,265.249416000006
YOLO11s,Poisson,1.0,0.8611686736399983,0.8702290076335878,0.7728813559322034,0.8186709559743757,267.17943099996774
YOLO11s,Poisson,10.0,0.8680183867087854,0.9267553400020202,0.7661016949152543,0.8388049347351276,263.3154640000066
YOLO26n,Gaussian,0.0,0.8392428707538127,0.85546875,0.7423728813559322,0.7949178328137737,125.40096100001391
YOLO26n,Gaussian,0.1,0.7533305948139215,0.8136363636363636,0.6067796610169491,0.6951451416725097,237.86616499997763
YOLO26n,Gaussian,0.2,0.6599703168942683,0.8814814814814815,0.4033898305084746,0.5534879413199676,242.38398000001325
YOLO26n,Gaussian,0.5,0.0,0.0,0.0,0.0,241.8068249999851
YOLO26n,Gaussian,1.0,0.0,0.0,0.0,0.0,237.57685600001423
YOLO26n,Gaussian,2.0,0.0,0.0,0.0,0.0,238.96312299999408
YOLO26n,Salt_Pepper,0.0,0.8392428707538127,0.85546875,0.7423728813559322,0.7949178328137737,238.41468099999474
YOLO26n,Salt_Pepper,0.01,0.7199931227717994,0.8659026699677085,0.5288135593220339,0.6566220927309571,239.32604500001617
YOLO26n,Salt_Pepper,0.05,0.6781984069268652,0.8475609756097561,0.4711864406779661,0.6056640287452281,239.39567299999908
YOLO26n,Salt_Pepper,0.1,0.6178584715607767,0.865546218487395,0.34915254237288135,0.49758413142697494,244.4350719999784
YOLO26n,Salt_Pepper,0.3,0.33725255972696244,0.6763537468529527,0.006779661016949152,0.013424734805861881,244.93254000000888
YOLO26n,Salt_Pepper,0.5,0.0,0.0,0.0,0.0,241.9236269999965
YOLO26n,Poisson,0.0,0.8392428707538127,0.85546875,0.7423728813559322,0.7949178328137737,233.8283280000178
YOLO26n,Poisson,0.01,0.5169368421052631,1.0,0.03389830508474576,0.06557370706805384,244.31597300001158
YOLO26n,Poisson,0.05,0.6765585502914012,0.8208092485549133,0.48135593220338985,0.6068371408159763,244.96214700000564
YOLO26n,Poisson,0.1,0.7671233599240035,0.8859536103537219,0.6056725847578213,0.7194797934993883,241.9573709999895
YOLO26n,Poisson,1.0,0.8134084158412934,0.8675213675213675,0.688135593220339,0.7674853289549736,221.23677699997643
YOLO26n,Poisson,10.0,0.8400136024172087,0.8549019607843137,0.7389830508474576,0.7927267753722129,235.13845699999365
YOLO26s,Gaussian,0.0,0.880597726311503,0.8710086016866522,0.801141505813705,0.8346149335451553,565.611785000001
YOLO26s,Gaussian,0.1,0.8060257373372494,0.7924528301886793,0.711864406779661,0.7499995014352805,536.6498990000036
YOLO26s,Gaussian,0.2,0.681247765391881,0.8228571428571428,0.488135593220339,0.612765490041099,211.2369419999959
YOLO26s,Gaussian,0.5,0.0,0.0,0.0,0.0,218.84492799999862
YOLO26s,Gaussian,1.0,0.0,0.0,0.0,0.0,220.30881099999533
YOLO26s,Gaussian,2.0,0.0,0.0,0.0,0.0,232.9456190000201
YOLO26s,Salt_Pepper,0.0,0.880597726311503,0.8710086016866522,0.801141505813705,0.8346149335451553,234.47431000000506
YOLO26s,Salt_Pepper,0.01,0.7317913953659246,0.8155339805825242,0.5694915254237288,0.6706581984139018,237.1613090000028
YOLO26s,Salt_Pepper,0.05,0.5867904718842698,0.8048780487804879,0.33559322033898303,0.47368379518591397,251.3406219999888
YOLO26s,Salt_Pepper,0.1,0.5328342035947822,0.706766917293233,0.31864406779661014,0.43925190808190956,289.73778700001276
YOLO26s,Salt_Pepper,0.3,0.5033788395904438,1.0,0.006779661016949152,0.013468000090706983,304.0804520000165
YOLO26s,Salt_Pepper,0.5,0.0,0.0,0.0,0.0,314.20808599999873
YOLO26s,Poisson,0.0,0.880597726311503,0.8710086016866522,0.801141505813705,0.8346149335451553,335.92008599996916
YOLO26s,Poisson,0.01,0.43522225077081195,0.8095238095238095,0.0576271186440678,0.10759481263033055,293.98194800000056
YOLO26s,Poisson,0.05,0.7481494048565897,0.8144796380090498,0.6101694915254238,0.6976739288883314,302.72488300000987
YOLO26s,Poisson,0.1,0.7949122425750453,0.796875,0.6915254237288135,0.7404713718337604,301.02788399999554
YOLO26s,Poisson,1.0,0.8569571124513977,0.9289550797930215,0.7091876710752427,0.8043292772355832,299.0993140000137
YOLO26s,Poisson,10.0,0.8820029930816982,0.8817347155126571,0.7966101694915254,0.8370132133631673,290.25113200001215
